location,total_sqft,bhk,bath,balcony,price,price_per_sqft
Indiranagar,2491.36,2,3,2,362.42,14.55
Indiranagar,890.05,2,2,2,157.26,17.67
Indiranagar,1334.27,2,2,0,206.78,15.5
Indiranagar,2924.77,4,5,0,450.6,15.41
Indiranagar,2980.53,3,4,2,443.57,14.88
Indiranagar,1579.86,2,2,1,240.48,15.22
Indiranagar,616.66,5,5,2,183.08,29.69
Indiranagar,2462.94,2,2,3,356.87,14.49
Indiranagar,1666.91,4,4,1,291.36,17.48
Indiranagar,662.63,4,5,2,173.83,26.23
Indiranagar,1463.54,1,2,2,213.94,14.62
Indiranagar,1600.38,2,2,3,249.05,15.56
Indiranagar,933.41,3,4,2,187.68,20.11
Indiranagar,1279.28,3,4,2,230.91,18.05
Indiranagar,578.28,4,5,3,166.29,28.76
Indiranagar,2737.07,3,4,1,410.13,14.98
Indiranagar,1926.11,3,4,1,308.76,16.03
Indiranagar,1471.69,2,2,2,229.96,15.63
Indiranagar,2913.14,3,3,1,427.14,14.66
Indiranagar,2505.49,2,2,1,356.19,14.22
Indiranagar,1487.2,2,2,3,234.9,15.79
Indiranagar,2267.14,3,3,2,349.39,15.41
Indiranagar,2815.75,3,4,3,425.97,15.13
Indiranagar,2058.25,2,3,1,305.28,14.83
Indiranagar,2172.1,3,4,2,342.51,15.77
Indiranagar,2718.03,3,3,3,408.75,15.04
Indiranagar,2622.28,3,3,2,393.79,15.02
Indiranagar,1734.49,3,3,1,279.81,16.13
Indiranagar,1598.34,2,3,2,250.79,15.69
Indiranagar,1285.89,3,4,1,228.74,17.79
Indiranagar,2011.04,3,3,1,314.38,15.63
Indiranagar,692.45,2,3,3,140.56,20.3
Indiranagar,2060.89,2,2,3,306.61,14.88
Indiranagar,2509.18,2,3,3,367.65,14.65
Indiranagar,1310.86,2,2,1,206.86,15.78
Indiranagar,775.13,2,3,0,141.89,18.31
Indiranagar,1381.42,2,3,2,223.68,16.19
Indiranagar,1543.53,2,2,1,235.94,15.29
Indiranagar,1110.31,2,3,2,189.79,17.09
Indiranagar,2257.55,3,3,1,345.19,15.29
Indiranagar,1117.19,3,3,1,202.65,18.14
Indiranagar,1212.1,1,1,3,180.51,14.89
Indiranagar,1527.59,1,2,3,224.95,14.73
Indiranagar,1098.9,2,3,1,185.36,16.87
Indiranagar,1882.23,3,3,2,301.28,16.01
Indiranagar,1094.09,3,4,2,207.76,18.99
Indiranagar,2958.56,3,3,0,429.82,14.53
Indiranagar,2588.26,2,3,2,374.53,14.47
Indiranagar,2645.9,2,3,0,375.74,14.2
Indiranagar,1780.23,2,3,0,267.53,15.03
Indiranagar,2851.31,3,3,3,425.41,14.92
Indiranagar,843.8,2,2,1,148.48,17.6
Indiranagar,1853.62,3,3,2,297.7,16.06
Indiranagar,2543.06,3,4,1,385.88,15.17
Indiranagar,2990.63,5,5,3,482.83,16.14
Indiranagar,2082.75,2,2,2,306.34,14.71
Indiranagar,2616.65,4,5,2,418.08,15.98
Indiranagar,2105.08,2,3,2,314.13,14.92
Koramangala,2016.07,1,2,3,275.93,13.69
Koramangala,2934.16,2,3,2,403.1,13.74
Koramangala,2229.74,3,3,1,330.57,14.83
Koramangala,545.19,3,4,2,136.42,25.02
Koramangala,2124.08,4,4,1,337.89,15.91
Koramangala,1856.35,3,4,1,290.76,15.66
Koramangala,1109.97,5,5,2,239.2,21.55
Koramangala,2765.25,3,3,2,397.83,14.39
Koramangala,1942.26,3,3,1,296.07,15.24
Koramangala,1747.98,3,4,2,280.76,16.06
Koramangala,942.78,4,4,1,196.13,20.8
Koramangala,2708.74,3,3,3,394.05,14.55
Koramangala,1570.46,5,5,3,297.46,18.94
Koramangala,688.37,2,3,3,136.6,19.84
Koramangala,1292.31,2,2,1,198.08,15.33
Koramangala,2610.53,4,5,0,398.26,15.26
Koramangala,2037.52,5,5,1,347.5,17.06
Koramangala,1238.23,2,3,2,199.59,16.12
Koramangala,2256.21,3,3,1,333.75,14.79
Koramangala,1549.45,2,3,3,239.93,15.48
Koramangala,1778.36,3,3,1,276.4,15.54
Koramangala,677.35,3,4,3,155.28,22.92
Koramangala,1344.99,3,4,1,229.4,17.06
Koramangala,2180.07,2,3,2,312.61,14.34
Koramangala,1216.35,3,4,1,213.96,17.59
Koramangala,597.09,2,2,1,114.65,19.2
Koramangala,1805.61,4,5,3,310.67,17.21
Koramangala,1643.16,4,5,2,288.18,17.54
Koramangala,1851.59,3,4,1,290.19,15.67
Koramangala,2923.84,3,3,2,416.86,14.26
Koramangala,1177.08,3,3,1,204.25,17.35
Koramangala,960.83,2,2,2,161.3,16.79
Koramangala,1522.38,2,2,1,225.69,14.82
Koramangala,1099.47,2,2,2,177.94,16.18
Koramangala,1199.83,5,5,2,249.98,20.83
Koramangala,1589.18,3,3,1,253.7,15.96
Koramangala,1389.93,4,4,1,249.79,17.97
Koramangala,729.5,2,3,3,141.54,19.4
Koramangala,2259.14,3,4,2,342.1,15.14
Koramangala,2517.28,2,3,1,350.07,13.91
Koramangala,1496.26,3,3,3,248.55,16.61
Koramangala,1152.23,1,1,2,164.27,14.26
Koramangala,2641.22,3,4,2,387.95,14.69
Koramangala,2859.73,4,5,2,434.17,15.18
Koramangala,2850.58,3,4,2,413.07,14.49
Koramangala,821.25,4,4,3,187.55,22.84
Koramangala,1465.26,5,5,1,278.83,19.03
Koramangala,1184.9,2,3,0,187.19,15.8
Koramangala,736.11,3,3,2,154.33,20.97
Koramangala,1463.49,3,4,3,249.62,17.06
Koramangala,1204.64,2,2,1,187.56,15.57
Koramangala,2841.62,1,1,3,369.99,13.02
Koramangala,1205.09,2,2,2,190.61,15.82
Koramangala,1939.81,3,4,1,300.78,15.51
Koramangala,2441.03,2,3,2,343.92,14.09
Koramangala,1096.49,3,3,2,197.58,18.02
Koramangala,757.81,4,5,2,181.94,24.01
Koramangala,1474.05,2,2,1,219.89,14.92
Koramangala,527.09,4,5,1,151.25,28.7
Whitefield,2875.15,5,5,2,364.76,12.69
Whitefield,708.21,2,3,1,111.74,15.78
Whitefield,2181.3,4,4,2,282.32,12.94
Whitefield,783.66,4,5,0,155.53,19.85
Whitefield,1873.82,3,3,2,234.64,12.52
Whitefield,2264.58,5,5,2,309.81,13.68
Whitefield,2045.55,2,2,1,227.1,11.1
Whitefield,1056.44,3,3,2,161.08,15.25
Whitefield,703.37,2,2,2,109.3,15.54
Whitefield,2657.85,4,4,3,328.21,12.35
Whitefield,2965.0,4,5,2,357.85,12.07
Whitefield,1704.17,3,3,1,216.38,12.7
Whitefield,2765.89,2,2,1,291.93,10.55
Whitefield,1513.01,3,4,1,204.17,13.49
Whitefield,793.82,3,3,2,137.44,17.31
Whitefield,1093.77,3,4,1,166.44,15.22
Whitefield,2671.5,2,3,3,294.43,11.02
Whitefield,2944.75,3,3,3,334.03,11.34
Whitefield,1819.25,5,5,1,266.73,14.66
Whitefield,2238.53,2,2,2,247.47,11.06
Whitefield,2239.37,3,3,2,267.54,11.95
Whitefield,1460.5,3,3,1,194.45,13.31
Whitefield,2876.03,4,5,1,346.84,12.06
Whitefield,1339.15,2,3,2,171.52,12.81
Whitefield,1383.38,3,4,1,192.5,13.92
Whitefield,1149.87,3,3,2,169.49,14.74
Whitefield,1273.82,4,5,1,202.64,15.91
Whitefield,832.96,2,3,3,128.97,15.48
Whitefield,2314.3,3,4,0,273.29,11.81
Whitefield,2691.65,3,3,0,302.25,11.23
Whitefield,1441.16,4,5,3,223.7,15.52
Whitefield,1441.85,3,3,3,198.77,13.79
Whitefield,2605.3,4,5,0,319.48,12.26
Whitefield,834.63,1,1,3,104.12,12.47
Whitefield,2532.25,5,5,3,336.9,13.3
Whitefield,1962.87,3,4,3,250.66,12.77
Whitefield,1118.37,3,4,1,168.65,15.08
Whitefield,1186.83,2,2,2,152.81,12.88
Whitefield,2045.32,3,4,0,249.08,12.18
Whitefield,1745.41,3,3,2,223.09,12.78
Whitefield,2630.45,3,3,0,296.74,11.28
Whitefield,2479.54,3,3,0,283.16,11.42
Whitefield,2387.84,3,4,3,288.91,12.1
Whitefield,2757.88,3,4,1,316.21,11.47
Whitefield,1974.79,3,3,0,237.73,12.04
Whitefield,2315.99,3,3,2,274.44,11.85
Whitefield,1491.36,3,3,2,200.22,13.43
HSR Layout,867.68,4,5,2,177.77,20.49
HSR Layout,665.59,1,2,2,97.56,14.66
HSR Layout,1321.88,3,4,1,200.19,15.14
HSR Layout,1843.16,3,4,1,252.32,13.69
HSR Layout,847.07,3,4,2,155.71,18.38
HSR Layout,1529.15,4,4,2,238.92,15.62
HSR Layout,930.8,2,2,3,142.08,15.26
HSR Layout,1362.71,2,3,0,181.27,13.3
HSR Layout,801.59,3,4,3,154.16,19.23
HSR Layout,821.87,2,2,0,122.19,14.87
HSR Layout,2498.53,3,3,2,315.85,12.64
HSR Layout,892.44,3,3,1,152.24,17.06
HSR Layout,2515.5,3,3,3,320.55,12.74
HSR Layout,1841.48,4,5,2,275.15,14.94
HSR Layout,1422.28,3,3,0,202.23,14.22
HSR Layout,869.35,2,2,3,135.93,15.64
HSR Layout,1779.19,3,3,3,246.92,13.88
HSR Layout,1385.37,3,4,1,206.54,14.91
HSR Layout,1443.21,1,1,3,173.32,12.01
HSR Layout,723.01,3,3,3,141.3,19.54
HSR Layout,1983.98,3,3,2,264.4,13.33
HSR Layout,1698.96,3,4,2,240.9,14.18
HSR Layout,2363.6,3,3,1,299.36,12.67
HSR Layout,1343.62,4,5,2,225.36,16.77
HSR Layout,1390.24,5,5,3,248.02,17.84
HSR Layout,518.84,2,3,1,99.88,19.25
HSR Layout,901.7,2,3,3,144.17,15.99
HSR Layout,639.13,4,4,2,149.91,23.46
HSR Layout,1525.99,5,5,3,261.6,17.14
HSR Layout,1940.0,4,4,3,283.0,14.59
HSR Layout,1144.76,2,2,3,163.48,14.28
HSR Layout,2296.14,3,4,1,297.61,12.96
HSR Layout,2423.73,2,3,2,293.37,12.1
HSR Layout,998.77,3,4,1,167.88,16.81
HSR Layout,2026.55,2,2,2,248.66,12.27
HSR Layout,2830.04,2,2,0,323.0,11.41
HSR Layout,1341.51,2,2,2,180.15,13.43
HSR Layout,1004.33,3,4,1,168.43,16.77
HSR Layout,2203.76,4,4,2,306.38,13.9
HSR Layout,2015.25,4,4,3,290.53,14.42
HSR Layout,2576.55,5,5,3,366.65,14.23
HSR Layout,2977.32,2,2,0,337.73,11.34
HSR Layout,2352.8,3,4,2,306.28,13.02
HSR Layout,2569.85,4,5,1,344.99,13.42
HSR Layout,910.66,4,4,2,177.07,19.44
HSR Layout,2769.67,2,3,1,324.97,11.73
HSR Layout,2541.5,3,4,3,328.15,12.91
HSR Layout,2060.25,3,3,2,272.03,13.2
Jayanagar,1388.41,3,4,2,223.72,16.11
Jayanagar,2766.18,3,3,1,367.28,13.28
Jayanagar,1332.04,3,4,1,214.52,16.1
Jayanagar,2485.06,3,4,2,344.36,13.86
Jayanagar,1932.88,5,5,1,315.62,16.33
Jayanagar,1121.22,3,4,1,191.33,17.06
Jayanagar,2285.16,3,4,1,319.37,13.98
Jayanagar,2553.14,2,3,2,331.85,13.0
Jayanagar,2009.89,3,4,1,289.09,14.38
Jayanagar,1073.13,3,4,0,183.04,17.06
Jayanagar,1996.11,3,4,1,287.57,14.41
Jayanagar,1364.24,2,3,1,198.07,14.52
Jayanagar,1068.38,3,4,3,191.52,17.93
Jayanagar,883.38,3,4,1,165.17,18.7
Jayanagar,1140.04,3,3,3,194.4,17.05
Jayanagar,1912.83,3,4,0,275.41,14.4
Jayanagar,2128.42,4,4,2,320.13,15.04
Jayanagar,1560.33,3,4,3,245.64,15.74
Jayanagar,2776.72,2,2,3,354.44,12.76
Jayanagar,2597.25,2,2,1,328.7,12.66
Jayanagar,1278.61,2,2,1,183.65,14.36
Jayanagar,636.9,2,3,2,121.06,19.01
Jayanagar,2009.3,2,3,2,272.02,13.54
Jayanagar,2799.64,2,3,2,358.96,12.82
Jayanagar,2796.14,3,3,2,373.58,13.36
Jayanagar,852.14,2,2,1,136.74,16.05
Jayanagar,584.7,2,2,2,110.32,18.87
Jayanagar,2080.66,1,1,2,254.87,12.25
Jayanagar,2938.85,3,4,1,391.27,13.31
Jayanagar,713.37,5,5,1,181.47,25.44
Jayanagar,1274.84,3,3,1,203.23,15.94
Jayanagar,2745.14,2,2,2,347.96,12.68
Jayanagar,1444.31,4,4,0,238.87,16.54
Jayanagar,2438.82,3,4,2,339.27,13.91
Jayanagar,1702.72,3,3,1,250.3,14.7
Jayanagar,954.82,4,4,2,191.03,20.01
Jayanagar,1180.75,4,5,1,217.88,18.45
Jayanagar,563.47,2,3,3,115.98,20.58
Jayanagar,1519.96,3,3,1,230.2,15.15
Jayanagar,2179.73,1,2,1,267.77,12.28
Jayanagar,1923.61,4,5,1,299.6,15.57
Jayanagar,748.6,2,3,2,133.35,17.81
Jayanagar,2517.13,5,5,2,382.88,15.21
Jayanagar,1012.46,2,3,0,156.37,15.44
Electronic City,713.77,2,2,1,96.53,13.52
Electronic City,2691.11,3,4,3,275.83,10.25
Electronic City,2543.61,2,3,3,244.77,9.62
Electronic City,1407.65,1,2,2,136.57,9.7
Electronic City,1523.53,3,4,3,188.26,12.36
Electronic City,1048.78,5,5,1,181.66,17.32
Electronic City,2671.17,3,4,2,271.34,10.16
Electronic City,955.27,3,3,1,134.65,14.1
Electronic City,1854.09,3,3,1,202.06,10.9
Electronic City,2112.64,3,4,2,229.45,10.86
Electronic City,929.2,2,2,3,118.69,12.77
Electronic City,1824.15,4,4,1,219.81,12.05
Electronic City,1885.45,3,4,2,212.41,11.27
Electronic City,766.45,2,2,3,106.48,13.89
Electronic City,2684.73,3,4,2,272.35,10.14
Electronic City,1735.68,3,3,1,193.18,11.13
Electronic City,1457.85,3,4,1,177.34,12.16
Electronic City,2896.57,2,2,2,263.24,9.09
Electronic City,1113.37,3,4,1,151.5,13.61
Electronic City,2788.78,3,4,2,280.16,10.05
Electronic City,1690.13,3,4,1,194.76,11.52
Electronic City,1709.39,2,2,1,171.2,10.02
Electronic City,1987.69,2,3,3,203.08,10.22
Electronic City,886.68,3,4,1,134.5,15.17
Electronic City,687.84,3,3,2,117.59,17.1
Electronic City,1995.72,3,3,3,218.68,10.96
Electronic City,2498.54,3,4,0,252.39,10.1
Electronic City,757.73,2,2,3,105.83,13.97
Electronic City,842.05,5,5,2,169.15,20.09
BTM Layout,1854.75,4,5,2,202.29,10.91
BTM Layout,2397.59,3,4,3,217.86,9.09
BTM Layout,1124.17,3,3,2,133.45,11.87
BTM Layout,628.99,3,4,2,108.74,17.29
BTM Layout,2813.12,2,2,2,214.79,7.64
BTM Layout,1282.14,2,2,1,119.93,9.35
BTM Layout,2810.99,5,5,2,274.66,9.77
BTM Layout,2362.66,2,2,1,184.76,7.82
BTM Layout,2572.29,1,1,1,177.34,6.89
BTM Layout,1901.69,3,3,2,180.1,9.47
BTM Layout,1349.69,3,4,2,151.98,11.26
BTM Layout,2509.94,3,4,1,218.6,8.71
BTM Layout,2064.73,4,5,3,217.88,10.55
BTM Layout,1543.77,3,4,0,157.63,10.21
BTM Layout,2686.75,3,4,3,235.21,8.75
BTM Layout,675.07,1,1,2,66.5,9.85
BTM Layout,1504.83,3,3,2,156.29,10.39
BTM Layout,1179.22,3,4,1,138.75,11.77
BTM Layout,1553.39,3,4,0,158.2,10.18
BTM Layout,1668.28,2,3,1,148.1,8.88
BTM Layout,1084.02,1,1,3,94.04,8.68
BTM Layout,612.75,2,2,2,82.77,13.51
BTM Layout,1045.63,4,4,1,145.74,13.94
BTM Layout,1971.39,5,5,3,227.28,11.53
BTM Layout,1668.5,3,3,2,166.11,9.96
BTM Layout,662.47,3,3,2,105.75,15.96
BTM Layout,2019.34,3,4,0,186.16,9.22
BTM Layout,1460.23,1,2,2,118.61,8.12
BTM Layout,1375.31,2,2,1,125.52,9.13
BTM Layout,1795.65,3,3,1,170.74,9.51
BTM Layout,1490.61,4,5,3,183.44,12.31
JP Nagar,2539.58,2,3,2,203.37,8.01
JP Nagar,587.16,4,4,0,115.23,19.62
JP Nagar,2693.65,2,3,2,212.62,7.89
JP Nagar,610.94,4,5,3,130.66,21.39
JP Nagar,2138.1,3,3,1,191.29,8.95
JP Nagar,1131.62,1,1,2,93.9,8.3
JP Nagar,1739.69,2,3,1,152.38,8.76
JP Nagar,2736.2,5,5,2,270.17,9.87
JP Nagar,1701.47,3,4,2,173.09,10.17
JP Nagar,2155.28,3,3,1,192.32,8.92
JP Nagar,2696.57,4,5,1,249.79,9.26
JP Nagar,893.35,2,2,3,102.6,11.48
JP Nagar,2243.68,3,3,2,200.62,8.94
JP Nagar,973.05,4,4,3,147.38,15.15
JP Nagar,573.12,4,5,3,128.39,22.4
JP Nagar,1071.56,4,5,3,158.29,14.77
JP Nagar,2580.34,3,3,1,217.82,8.44
JP Nagar,710.25,2,2,2,88.61,12.48
JP Nagar,1149.51,3,4,3,142.97,12.44
JP Nagar,821.12,2,2,2,95.27,11.6
JP Nagar,2907.48,2,3,1,222.45,7.65
JP Nagar,2384.25,4,5,2,234.05,9.82
Banashankari,1252.41,3,4,2,146.14,11.67
Banashankari,1683.93,2,3,0,146.04,8.67
Banashankari,2678.84,5,5,1,263.73,9.84
Banashankari,2118.93,3,4,0,192.14,9.07
Banashankari,555.31,2,2,3,82.32,14.82
Banashankari,1131.27,1,2,1,95.88,8.48
Banashankari,2992.81,3,3,3,248.57,8.31
Banashankari,1817.56,4,4,1,192.05,10.57
Banashankari,705.95,3,4,1,110.36,15.63
Banashankari,2670.14,5,5,1,263.21,9.86
Banashankari,2859.04,3,3,3,240.54,8.41
Banashankari,2400.24,3,3,1,207.01,8.62
Banashankari,2735.25,2,2,1,207.11,7.57
Banashankari,2670.31,3,4,3,234.22,8.77
Banashankari,1683.02,5,5,1,203.98,12.12
Banashankari,727.91,2,2,3,92.67,12.73
Banashankari,2402.56,3,4,1,212.15,8.83
Banashankari,2779.59,5,5,2,272.78,9.81
Banashankari,1703.81,2,2,2,148.23,8.7
Banashankari,1118.85,3,4,2,138.13,12.35
Banashankari,660.52,3,3,2,105.63,15.99
Banashankari,1583.12,5,5,0,194.99,12.32
Banashankari,681.12,3,4,3,114.87,16.86
Malleshwaram,1229.16,3,3,3,142.75,11.61
Malleshwaram,2769.55,3,3,1,229.17,8.27
Malleshwaram,1105.11,5,5,0,166.31,15.05
Malleshwaram,1705.89,2,2,2,148.35,8.7
Malleshwaram,524.43,2,3,2,82.47,15.73
Malleshwaram,2706.33,2,2,0,202.38,7.48
Malleshwaram,1492.31,2,2,1,132.54,8.88
Malleshwaram,2232.98,4,5,1,221.98,9.94
Malleshwaram,761.42,3,3,3,114.69,15.06
Malleshwaram,1986.94,3,3,2,185.22,9.32
Malleshwaram,2272.65,4,5,2,227.36,10.0
Malleshwaram,2458.56,3,3,0,207.51,8.44
Malleshwaram,2737.04,3,4,2,235.22,8.59
Malleshwaram,1702.26,1,2,2,133.14,7.82
Malleshwaram,704.07,2,2,2,88.24,12.53
Malleshwaram,1698.2,3,3,3,170.89,10.06
Malleshwaram,1342.24,2,2,1,123.53,9.2
Malleshwaram,609.15,2,3,2,87.55,14.37
Malleshwaram,1071.14,5,5,2,170.27,15.9
Malleshwaram,703.82,3,3,0,102.23,14.53
Malleshwaram,576.63,2,3,1,82.6,14.32
Malleshwaram,2901.95,3,4,1,242.12,8.34
Malleshwaram,1364.84,3,4,2,152.89,11.2
Malleshwaram,1858.25,3,3,1,174.5,9.39
Malleshwaram,2313.14,3,4,2,209.79,9.07
Malleshwaram,2482.39,3,3,2,214.94,8.66
Malleshwaram,2780.91,2,2,2,212.85,7.65
Malleshwaram,2590.0,2,3,2,206.4,7.97
Malleshwaram,2772.58,2,3,1,214.35,7.73
Malleshwaram,1781.54,3,4,2,177.89,9.99
Malleshwaram,1118.08,4,4,2,153.08,13.69
Malleshwaram,1948.54,3,3,1,179.91,9.23
Malleshwaram,1477.7,5,5,3,197.66,13.38
Malleshwaram,522.58,3,4,1,99.35,19.01
Malleshwaram,2924.55,3,3,3,244.47,8.36
Malleshwaram,1605.06,2,2,1,139.3,8.68
Malleshwaram,2572.21,3,4,2,225.33,8.76
Malleshwaram,2871.46,2,3,1,220.29,7.67
Malleshwaram,591.68,3,3,2,101.5,17.15
Malleshwaram,2454.48,3,4,2,218.27,8.89
Malleshwaram,2670.68,2,2,0,200.24,7.5
Malleshwaram,2966.73,2,2,3,227.0,7.65
Malleshwaram,598.36,2,3,1,83.9,14.02
Malleshwaram,721.39,2,2,0,83.28,11.54
Malleshwaram,870.86,5,5,2,158.25,18.17
Malleshwaram,543.45,2,2,3,81.61,15.02
Malleshwaram,1636.85,3,4,1,166.21,10.15
Malleshwaram,1830.61,2,3,1,157.84,8.62
Malleshwaram,2261.7,2,2,1,178.7,7.9
Malleshwaram,970.87,3,3,1,121.25,12.49
Malleshwaram,2670.36,2,3,2,211.22,7.91
Malleshwaram,2946.58,3,4,2,247.79,8.41
Malleshwaram,2044.62,4,5,2,213.68,10.45
Malleshwaram,782.77,4,5,2,137.97,17.63
Malleshwaram,1039.19,3,3,2,128.35,12.35
Malleshwaram,1942.96,2,3,3,170.58,8.78
Malleshwaram,620.53,5,5,3,146.23,23.57
Rajajinagar,2455.96,3,3,1,210.36,8.57
Rajajinagar,2126.28,4,5,2,218.58,10.28
Rajajinagar,2519.61,4,4,1,234.18,9.29
Rajajinagar,2672.25,3,4,2,231.34,8.66
Rajajinagar,514.4,2,3,2,81.86,15.91
Rajajinagar,1908.6,3,3,1,177.52,9.3
Rajajinagar,1093.86,3,4,0,130.63,11.94
Rajajinagar,1967.65,2,3,2,169.06,8.59
Rajajinagar,1658.74,3,4,3,173.52,10.46
Rajajinagar,2617.92,4,4,1,240.08,9.17
Rajajinagar,1450.49,3,3,1,150.03,10.34
Rajajinagar,1691.74,3,3,3,170.5,10.08
Rajajinagar,2295.31,5,5,3,246.72,10.75
Rajajinagar,1577.16,4,4,3,183.63,11.64
Rajajinagar,1108.71,4,4,1,149.52,13.49
Rajajinagar,1697.96,2,3,2,152.88,9.0
Rajajinagar,1141.94,2,2,3,117.52,10.29
Rajajinagar,1830.65,3,4,2,180.84,9.88
Rajajinagar,2290.38,2,3,3,191.42,8.36
Rajajinagar,1806.2,2,3,1,156.37,8.66
Rajajinagar,1812.91,3,4,2,179.77,9.92
Rajajinagar,963.07,4,5,2,148.78,15.45
Rajajinagar,2514.98,3,4,2,221.9,8.82
Rajajinagar,780.76,1,2,3,80.85,10.36
Rajajinagar,2710.52,2,2,2,208.63,7.7
Rajajinagar,936.93,3,4,3,130.22,13.9
Rajajinagar,1383.55,2,2,1,126.01,9.11
Rajajinagar,2329.9,4,4,2,225.79,9.69
Rajajinagar,738.84,3,3,1,107.33,14.53
Rajajinagar,882.46,2,3,3,106.95,12.12
Rajajinagar,1041.85,2,3,1,110.51,10.61
Rajajinagar,1075.62,2,2,1,107.54,10.0
Hebbal,2080.04,2,2,3,173.8,8.36
Hebbal,841.1,3,3,1,113.47,13.49
Hebbal,1614.48,3,3,3,165.87,10.27
Hebbal,820.99,2,3,1,97.26,11.85
Hebbal,2763.81,4,5,0,250.83,9.08
Hebbal,2735.48,2,3,1,212.13,7.75
Hebbal,1358.9,3,3,2,147.53,10.86
Hebbal,669.03,4,4,2,126.14,18.85
Hebbal,1177.87,3,3,2,136.67,11.6
Hebbal,1310.83,2,3,0,123.65,9.43
Hebbal,1446.19,3,3,2,152.77,10.56
Hebbal,1663.01,2,3,0,144.78,8.71
Hebbal,2904.16,3,3,1,237.25,8.17
Hebbal,1839.57,2,2,3,159.37,8.66
Hebbal,503.09,2,3,2,81.19,16.14
Hebbal,2817.94,2,3,3,223.08,7.92
Hebbal,550.07,3,4,2,104.0,18.91
Hebbal,2605.08,3,4,1,224.3,8.61
Hebbal,2469.75,4,4,3,237.19,9.6
Hebbal,2455.07,3,4,1,215.3,8.77
Hebbal,1068.39,2,2,0,104.1,9.74
Hebbal,2842.39,3,3,3,239.54,8.43
Hebbal,1199.26,4,5,2,162.96,13.59
Hebbal,2798.48,3,4,2,238.91,8.54
Hebbal,1477.61,3,3,1,151.66,10.26
Hebbal,2543.62,3,4,2,223.62,8.79
Hebbal,2303.56,2,2,1,181.21,7.87
Hebbal,702.3,3,4,1,110.14,15.68
Hebbal,1059.04,5,5,2,169.54,16.01
Hebbal,2556.2,2,3,1,201.37,7.88
Hebbal,2015.93,2,3,2,171.96,8.53
Hebbal,937.1,3,3,3,125.23,13.36
Hebbal,2165.77,2,2,0,169.95,7.85
Yelahanka,1081.38,2,3,3,118.88,10.99
Yelahanka,1581.24,2,3,3,148.87,9.41
Yelahanka,1194.38,4,5,1,159.66,13.37
Yelahanka,2048.97,3,3,1,185.94,9.07
Yelahanka,1911.1,2,2,0,154.67,8.09
Yelahanka,2987.17,2,3,1,227.23,7.61
Yelahanka,1575.84,2,2,1,137.55,8.73
Yelahanka,1258.19,2,3,2,126.49,10.05
Yelahanka,2045.13,3,4,3,196.71,9.62
Yelahanka,2038.05,2,3,2,173.28,8.5
Yelahanka,2620.04,3,3,3,226.2,8.63
Yelahanka,1624.46,2,2,2,143.47,8.83
Yelahanka,1704.09,2,2,2,148.25,8.7
Yelahanka,527.58,3,3,1,94.65,17.94
Yelahanka,2475.84,3,3,1,211.55,8.54
Yelahanka,1838.28,2,2,3,159.3,8.67
Yelahanka,2073.25,2,2,3,173.39,8.36
Yelahanka,1719.64,2,3,2,154.18,8.97
Yelahanka,1748.33,2,2,2,150.9,8.63
Yelahanka,875.12,2,3,2,103.51,11.83
Yelahanka,2526.71,3,3,2,217.6,8.61
Yelahanka,2462.54,4,4,1,230.75,9.37
Yelahanka,2146.73,4,5,1,216.8,10.1
Yelahanka,1136.68,4,5,1,156.2,13.74
Yelahanka,2452.93,4,4,2,233.18,9.51
Yelahanka,2737.79,3,3,3,233.27,8.52
Yelahanka,1626.55,4,4,2,183.59,11.29
Yelahanka,1780.55,3,3,0,166.83,9.37
Yelahanka,2365.52,3,3,0,201.93,8.54
Yelahanka,530.27,5,5,1,134.82,25.42
Yelahanka,1654.87,5,5,2,205.29,12.41
Yelahanka,2153.43,2,2,1,172.21,8.0
Yelahanka,1874.04,4,5,1,200.44,10.7
Yelahanka,552.36,2,3,3,87.14,15.78
Yelahanka,2456.21,2,2,1,190.37,7.75
Yelahanka,1014.22,2,3,1,108.85,10.73
Yelahanka,673.14,5,5,0,140.39,20.86
Yelahanka,2921.22,4,5,2,266.27,9.12
Yelahanka,784.89,3,4,2,118.09,15.05
Yelahanka,2529.42,3,3,0,211.77,8.37
Yelahanka,777.02,3,3,1,109.62,14.11
Yelahanka,1580.19,3,3,1,157.81,9.99
Yelahanka,1184.48,4,5,1,159.07,13.43
Yelahanka,2717.31,3,3,2,229.04,8.43
RR Nagar,2653.42,4,4,2,245.21,9.24
RR Nagar,2090.18,2,3,3,179.41,8.58
RR Nagar,2321.23,4,5,0,224.27,9.66
RR Nagar,1300.15,4,4,3,167.01,12.85
RR Nagar,607.93,2,2,2,82.48,13.57
RR Nagar,729.68,5,5,2,149.78,20.53
RR Nagar,2601.76,3,3,2,222.11,8.54
RR Nagar,2358.56,3,4,2,212.51,9.01
RR Nagar,2222.21,4,4,3,222.33,10.0
RR Nagar,1584.5,2,3,0,140.07,8.84
RR Nagar,1116.7,3,3,1,130.0,11.64
RR Nagar,984.88,4,5,1,147.09,14.93
RR Nagar,1887.71,3,3,2,179.26,9.5
RR Nagar,2219.71,3,3,2,199.18,8.97
RR Nagar,513.07,4,5,3,124.78,24.32
RR Nagar,527.58,3,3,1,94.65,17.94
RR Nagar,1317.33,2,2,2,125.04,9.49
RR Nagar,1755.13,2,2,1,148.31,8.45
RR Nagar,2305.18,4,4,1,221.31,9.6
RR Nagar,2157.61,1,1,0,149.46,6.93
RR Nagar,2048.97,3,3,1,185.94,9.07
RR Nagar,1505.82,4,4,2,176.35,11.71
RR Nagar,662.13,3,3,2,105.73,15.97
RR Nagar,632.01,3,4,3,111.92,17.71
RR Nagar,1174.55,4,4,2,156.47,13.32
RR Nagar,872.5,3,4,2,123.35,14.14
RR Nagar,2269.2,4,5,2,227.15,10.01
RR Nagar,1433.66,2,2,1,129.02,9.0
RR Nagar,721.5,2,2,3,92.29,12.79
RR Nagar,2416.47,3,4,2,215.99,8.94
RR Nagar,1553.12,3,4,1,161.19,10.38
RR Nagar,2214.78,5,5,1,235.89,10.65
RR Nagar,1929.68,3,3,2,181.78,9.42
RR Nagar,2949.12,2,2,0,216.95,7.36
RR Nagar,2579.24,2,2,3,203.75,7.9
RR Nagar,2456.45,2,2,1,190.39,7.75
RR Nagar,2681.83,4,4,2,246.91,9.21
RR Nagar,1587.95,4,5,1,183.28,11.54
RR Nagar,701.5,3,4,3,116.09,16.55
RR Nagar,2450.53,1,1,1,170.03,6.94
RR Nagar,2025.56,2,2,3,170.53,8.42
RR Nagar,1680.15,1,2,0,125.81,7.49
RR Nagar,1205.47,2,2,1,115.33,9.57
RR Nagar,2467.82,5,5,2,254.07,10.3
RR Nagar,1624.35,4,5,1,185.46,11.42
RR Nagar,2632.72,1,2,3,191.96,7.29
RR Nagar,848.11,3,3,2,116.89,13.78
RR Nagar,716.06,2,3,2,93.96,13.12
RR Nagar,2908.49,3,3,1,237.51,8.17
Vijayanagar,1546.98,2,2,2,138.82,8.97
Vijayanagar,2948.88,2,2,1,219.93,7.46
Vijayanagar,1913.33,3,3,3,183.8,9.61
Vijayanagar,2918.39,2,2,1,218.1,7.47
Vijayanagar,1063.29,2,2,2,109.8,10.33
Vijayanagar,1862.76,5,5,3,220.77,11.85
Vijayanagar,2307.04,2,3,2,189.42,8.21
Vijayanagar,2032.25,2,3,2,172.94,8.51
Vijayanagar,914.44,4,5,1,142.87,15.62
Vijayanagar,743.91,4,4,2,130.63,17.56
Vijayanagar,1863.58,2,3,1,159.81,8.58
Vijayanagar,1389.93,5,5,2,189.4,13.63
Vijayanagar,1003.41,2,3,2,111.2,11.08
Vijayanagar,2396.06,4,4,1,226.76,9.46
Vijayanagar,2694.58,4,5,1,249.67,9.27
Vijayanagar,2866.59,3,4,2,243.0,8.48
Vijayanagar,567.92,2,3,1,82.08,14.45
Vijayanagar,1206.08,3,3,1,135.36,11.22
Vijayanagar,2141.95,4,5,0,213.52,9.97
Vijayanagar,1602.68,2,3,2,147.16,9.18
Vijayanagar,1217.84,4,5,1,161.07,13.23
Vijayanagar,1280.87,3,3,3,145.85,11.39
Vijayanagar,1832.57,2,3,2,160.95,8.78
Vijayanagar,915.09,3,3,3,123.91,13.54
Vijayanagar,1192.26,5,5,2,177.54,14.89
Vijayanagar,583.46,3,4,2,106.01,18.17
Vijayanagar,880.26,3,4,3,126.82,14.41
Vijayanagar,2642.18,2,2,2,204.53,7.74
Vijayanagar,2917.82,3,3,1,238.07,8.16
Vijayanagar,2312.96,2,3,3,192.78,8.33
Vijayanagar,1568.72,2,2,2,140.12,8.93
Vijayanagar,732.58,1,2,3,77.95,10.64
Vijayanagar,698.52,3,3,1,104.91,15.02
Vijayanagar,1241.22,4,5,2,165.47,13.33
Vijayanagar,1285.88,3,3,2,143.15,11.13
Vijayanagar,1285.15,2,3,3,131.11,10.2
Vijayanagar,1338.02,2,2,1,123.28,9.21
Vijayanagar,717.95,3,3,1,106.08,14.78
Vijayanagar,1369.85,3,4,2,153.19,11.18
Vijayanagar,1588.76,3,3,3,164.33,10.34
Vijayanagar,1678.22,5,5,0,200.69,11.96
Vijayanagar,2348.24,2,2,2,186.89,7.96
Vijayanagar,674.1,2,2,2,86.45,12.82
Vijayanagar,2979.36,2,3,2,229.76,7.71
Vijayanagar,2235.38,3,4,1,202.12,9.04
